rank,title,summary_fa,summary_en,url,amount_eur_year,amount_max_eur_year,salary_min_month,salary_max_month,fte,amount_note,source,kind,organisation,country,city,deadline,posted,field,salary_text,score,matched,summary,first_seen
1,PhD position EEG and Neurobiological Markers,ما به دنبال یک داوطلب دکتری مشتاق برای پیوستن به یک برنامه تحقیقاتی بین‌المللی و چند رشته‌ای هستیم که به بررسی پاداش، انگیزه و تکانشگری در اختلال افسردگی اساسی، بیماری آلزایمر و چاقی می‌پردازد. فرصتی برای توسعه تخصص در روش EEG و تجزیه و تحلیل کمی فراهم می کند و در عین حال به یک رویکرد پزشکی دقیق تر کمک می کند که شواهد را در بین جمعیت های مختلف، تنظیمات تحقیقاتی و انواع داده های بیولوژیکی و بالینی یکپارچه می کند.,"We are looking for an enthusiastic PhD candidate to join an international, multidisciplinary research programme investigating reward, motivation, and impulsivity across major depressive disorder, Alzheimer's disease, and obesity . provides an opportunity to develop expertise in EEG methodology and quantitative analysis while contributing to a broader precision medicine approach that integrates evidence across different populations, research settings, and types of biological and clinical data.",https://www.academictransfer.com/en/jobs/364340/phd-position-eeg-and-neurobiological-markers/,44727.840000000004,56551.96000000001,3204.0,4051.0,1.0,شامل ۸٪ حق تعطیلات و ۸٫۳٪ پاداش پایان سال,AcademicTransfer,job,University of Groningen,Netherlands,Groningen,2026-10-30,2026-09-30,Faculty of Science and Engineering,"€3,204–€4,051 gross/month · Temporary · 38 h/week",82.0,"psycholog*, neuroscien*, eeg, behavioural science","Are you a motivated early-career researcher with a strong interest in EEG, neurobiology, and precision medicine ? Would you like to investigate how neurobiological markers related to reward, motivation, and impulsivity can contribute to a better understanding…",2026-09-30
2,"PhD on natural visual patterns, mental wellbeing, and overheating resilience",مشتاق شروع یک پروژه تحقیقاتی چند رشته ای و همکاری با شرکای صنعتی هستید؟ اگر چنین است، پس این موقعیت دکترا ممکن است برای شما عالی باشد. اینها برخی از چالش های علمی هستند که در این پروژه دکترا روی آنها کار خواهید کرد.,"Eager to embark on a multidisciplinary research project and collaborate with industry partners? If so, then this PhD position might be perfect for you. These are some of the scientific challenges you will work on in this PhD project.",https://www.academictransfer.com/en/jobs/364436/phd-on-natural-visual-patterns-mental-wellbeing-and-overheating-resilience/,44727.840000000004,56551.96000000001,3204.0,4051.0,1.0,شامل ۸٪ حق تعطیلات و ۸٫۳٪ پاداش پایان سال,AcademicTransfer,job,TU/e,Netherlands,Eindhoven,2026-11-02,2026-10-02,,"€3,204–€4,051 gross/month · Temporary · 38 h/week",80.8,"psycholog*, mental health, wellbeing, stress, resilience",Are you fascinated by the influence of nature on our emotions and behaviour? Passionate about nature-inspired facade design and its influence on occupant comfort and wellbeing? Eager to embark on a multidisciplinary research project and collaborate with indus…,2026-10-03
3,Promovendus 'Vroege voorspellers van gokgedrag bij jongeren,کیفی و مشارکتی: دوست دارید با جوانان و متخصصان صحبت کنید و به دیدگاه های آنها گوش دهید.,Kwalitatief en participatief: Je gaat graag in gesprek met jongeren en ervaringsdeskundigen en luistert naar hun perspectief.,https://www.academictransfer.com/en/jobs/364228/promovendus-vroege-voorspellers-van-gokgedrag-bij-jongeren/,44727.840000000004,56551.96000000001,3204.0,4051.0,1.0,شامل ۸٪ حق تعطیلات و ۸٫۳٪ پاداش پایان سال,AcademicTransfer,job,Erasmus University Rotterdam,Netherlands,Rotterdam,2026-10-16,2026-09-25,,"€3,204–€4,051 gross/month · Temporary · 38 h/week",77.0,"psycholog*, klinische psycholog*, psychische*, addiction, substance use","Sinds de legalisering van online gokken in 2021 is gokken voor jongeren makkelijker bereikbaar dan ooit: via de smartphone, via sociale media en via games, waar loot boxes de grens tussen gamen en gokken laten vervagen. Toch weten we nog weinig over welke jon…",2026-09-26
4,PhD Position: Curiosity in the Classroom,اگر چنین است، پس از شما دعوت می کنیم برای این موقعیت دکترا در مورد کنجکاوی در کلاس درس در دانشگاه رادبود درخواست دهید. در این پروژه دکترا، کنجکاوی در کودکان 10 تا 12 ساله را در محیط های آموزشی معتبر بررسی خواهید کرد. این پروژه تحقیقات تجربی، مطالعات کلاسی و مدل‌سازی محاسباتی را ترکیب می‌کند تا بهتر بفهمد چه چیزی کودکان را کنجکاو می‌کند، چگونه تصمیم می‌گیرند کدام اطلاعات را کشف کنند و چگونه روش‌های مختلف ساختاردهی محیط‌های یادگیری بر کنجکاوی و یادگیری تأثیر می‌گذارد.,"If so, then we invite you to apply for this PhD position on Curiosity in the Classroom at Radboud University. In this PhD project, you will investigate curiosity in 10-to 12-year-old children within authentic educational settings. The project combines experimental research, classroom studies and computational modelling to better understand what makes children curious, how they decide which information to explore, and how different ways of structuring learning environments influence curiosity and learning.",https://www.academictransfer.com/en/jobs/363929/phd-position-curiosity-in-the-classroom/,44727.840000000004,56551.96000000001,3204.0,4051.0,1.0,شامل ۸٪ حق تعطیلات و ۸٫۳٪ پاداش پایان سال,AcademicTransfer,job,Radboud Universiteit,Netherlands,Nijmegen,2026-10-20,2026-09-14,,"€3,204–€4,051 gross/month · Temporary · 38 h/week",74.6,"psycholog*, neuroscien*, cognitive neuroscience","Are you fascinated by how curiosity shapes learning in the classroom? Would you like to investigate how children seek information, explore and learn in real-world educational settings? If so, then we invite you to apply for this PhD position on Curiosity in t…",2026-09-15
5,PhD student - From brain circuits of threat to neurofeedback in humans,این پروژه بخشی از یک برنامه جدید با هدف تقویت ارتباط بین علوم اعصاب بنیادی و روانپزشکی بالینی است. در این پروژه، مناطق مغزی را که می‌توانند پاسخ‌های تهدید را تنظیم کنند، شناسایی می‌کنیم و بررسی می‌کنیم که آیا این مناطق می‌توانند در نهایت با استفاده از نوروفیدبک fMRI بلادرنگ هدف قرار گیرند یا خیر. این پروژه فرصتی منحصر به فرد برای کار بر روی مرز بین علوم اعصاب سیستم های بنیادی و علوم اعصاب ترجمه انسانی فراهم می کند.,"The project is part of a new programme aimed at strengthening the connection between fundamental neuroscience and clinical psychiatry. In this project, we will identify brain regions that can regulate threat responses and investigate whether these regions can ultimately be targeted using real-time fMRI neurofeedback. The project provides a unique opportunity to work across the boundary between fundamental systems neuroscience and human translational neuroscience.",https://www.academictransfer.com/en/jobs/364471/phd-student-from-brain-circuits-of-threat-to-neurofeedback-in-humans/,44727.840000000004,56551.96000000001,3204.0,4051.0,1.0,شامل ۸٪ حق تعطیلات و ۸٫۳٪ پاداش پایان سال,AcademicTransfer,job,KNAW,Netherlands,Amsterdam,2026-11-23,2026-10-05,,"€3,204–€4,051 gross/month · Temporary · 38 h/week",73.0,"psycholog*, psychiatr*, neuroscien*, psychiatry, depression, anxiety, ptsd, cognitive neuroscience",The Netherlands Institute for Neuroscience and Maastricht University Medical Center are looking for an enthusiastic and ambitious PhD student to join a collaborative translational neuroscience project investigating how the brain controls responses to threat a…,2026-10-06
6,PhD position Data Science,آیا می‌خواهید پروکسی‌های دیجیتالی نوآورانه را توسعه دهید و به کار ببرید و آنها را با نشانگرهای نوروبیولوژیکی ترکیب کنید تا پزشکی دقیق را در شرایط سلامت روانی و متابولیک پیش ببرید؟ سپس این موقعیت دکترا در یک پروژه پیشگام بین المللی ممکن است یک فرصت عالی برای شما باشد. شما در یک پروژه تحقیقاتی بین‌رشته‌ای و بین‌المللی با هدف پیشبرد یک چارچوب پزشکی دقیق فرا تشخیصی متمرکز بر پاداش، انگیزه و تکانشگری کار خواهید کرد.,"Do you want to develop and apply innovative digital proxies and combine them with neurobiological markers to advance precision medicine across mental and metabolic health conditions? Then this PhD position in an international pioneering project may be an excellent opportunity for you. You will work in an interdisciplinary, international research project aiming to advance a transdiagnostic precision-medicine framework centred on Reward, Motivation and Impulsivity.",https://www.academictransfer.com/en/jobs/364356/phd-position-data-science/,44727.840000000004,56551.96000000001,3204.0,4051.0,1.0,شامل ۸٪ حق تعطیلات و ۸٫۳٪ پاداش پایان سال,AcademicTransfer,job,University of Groningen,Netherlands,Groningen,2026-10-30,2026-09-30,Faculty of Science and Engineering,"€3,204–€4,051 gross/month · Temporary · 38 h/week",68.8,"psycholog*, neuroscien*, neuroimaging","Are you interested in using data science to understand how digital measures can capture clinically meaningful aspects of reward, motivation and impulsivity? Do you want to develop and apply innovative digital proxies and combine them with neurobiological mark…",2026-10-01
7,PhD Position Indoor Thermal Natural Variation for Heat Resilience,به عنوان کاندیدای دکترا در TU Delft، تحقیقاتی را در پروژه NWO Nature 4 Homes انجام خواهید داد. با استفاده از رویکرد علم شهروندی، شرایط حرارتی و تهویه داخلی و خارجی را در خانه های موجود در مناطق مختلف هلند بررسی خواهید کرد. اندازه گیری شرایط محیطی را با اطلاعاتی در مورد ادراک و رفتار ساکنان و ویژگی های ساختمان مربوطه ترکیب خواهید کرد.,"As a PhD candidate at TU Delft, you will conduct research within the NWO-funded Nature 4 Homes project. Using a citizen science approach, you will investigate indoor and outdoor thermal and ventilation conditions in existing dwellings in different regions of the Netherlands. You will combine measurements of environmental conditions with information about residents’ perceptions and behaviour and relevant building characteristics.",https://www.academictransfer.com/en/jobs/364490/phd-position-indoor-thermal-natural-variation-for-heat-resilience/,44727.840000000004,56551.96000000001,3204.0,4051.0,1.0,شامل ۸٪ حق تعطیلات و ۸٫۳٪ پاداش پایان سال,AcademicTransfer,job,TU Delft,Netherlands,Delft,2026-11-11,2026-10-06,,"€3,204–€4,051 gross/month · Temporary · 38 h/week",62.2,resilience,"How do residents experience changing indoor temperatures? As a PhD candidate at TU Delft, you will combine citizen science, field data and modelling to help develop healthier and more energy-efficien. Job description Hot weather events are increasing, making …",2026-10-06
8,Promovendus neurale mechanismen van psychoanalytische therapie bij depressie,شما تغییرات در مغز، ارتباط با احساس خود و برخورد با احساسات را بررسی می کنید. ما به دنبال یک داوطلب دکترا با علاقه مندی به رابطه بین مغز و عملکرد روانی هستیم.,"Je onderzoekt veranderingen in de hersenen, de samenhang met het zelfgevoel en omgang met emoties. Wij zoeken een promovendus met interesse in de relatie tussen hersenen en psychisch functioneren.",https://www.academictransfer.com/en/jobs/364103/promovendus-neurale-mechanismen-van-psychoanalytische-therapie-bij-depressie/,42545.67157894737,53919.397894736845,3217.0,4077.0,0.9473684210526315,شامل ۸٪ حق تعطیلات و ۸٫۳٪ پاداش پایان سال · 36 ساعت در هفته,AcademicTransfer,job,Amsterdam UMC,Netherlands,Amsterdam,2026-10-19,2026-09-21,,"€3,217–€4,077 gross/month · Permanent · 36 h/week",77.0,"psycholog*, neuroscien*, hersenonderzoek*, neuroimaging, fmri","Wil jij onderzoeken hoe (psychoanalytische) psychotherapie de hersenen, het zelfgevoel en emoties beïnvloedt bij chronische depressie? In dit longitudinale fMRI-onderzoek vergelijk je psychoanalytische psychotherapie met cognitieve gedragstherapie.",2026-09-22
9,Promovendus BUILD-BONE: Behavioural and exercise-based interventions for bone strength and density,شرح پروژه این پروژه بر توسعه یک مداخله نوآورانه در سبک زندگی برای جوانان بین 12 تا 25 ساله برای کاهش خطر ابتلا به پوکی استخوان تمرکز دارد. این پروژه 4 سال طول می کشد و با همکاری 27 شریک بین المللی دیگر انجام می شود و جذب شرکت کنندگان در هلند، کانادا، یونان، پرتغال، رومانی و اسپانیا انجام می شود. این پروژه همچنین شامل همکاری نزدیک با بخش ارتوپدی بیمارستان Elizabeth-TweeSteden در تیلبورگ خواهد بود.,"Beschrijving van het project Dit project richt zich op het ontwikkelen van een innovatieve leefstijl interventie voor jongeren tussen 12-25 jaar om het risico op osteoporose te verlagen. Het project zal 4 jaar duren en wordt uitgevoerd in samenwerking met 27 andere internationale partners, waarbij werving van deelnemers plaats zal vinden in Nederland, Canada, Griekenland, Portugal, Roemenië en Spanje. Binnen dit project zal ook nauw samengewerkt worden met de afdeling orthopedie van het Elizabeth-TweeSteden ziekenhuis in Tilburg.",https://www.academictransfer.com/en/jobs/364279/promovendus-build-bone-behavioural-and-exercise-based-interventions-for-bone-strength-and-density/,0.0,0.0,0.0,0.0,0.9473684210526315,,AcademicTransfer,job,About Tilburg University,Netherlands,Tilburg,2026-10-19,2026-09-28,,Temporary · 36 h/week,69.6,"psycholog*, klinische psycholog*, gedragswetenschap*",Tilburg University is op zoek naar een enthousiaste en gemotiveerde promovendus die een sterke affiniteit heeft voor – en bij voorkeur al ervaring heeft in het doen van – onderzoek op het raakvlak tussen psychologie en geneeskunde. Het onderzoek vindt plaats …,2026-09-29
